
CREATE TABLE PARK (ID_PARK INTEGER PRIMARY KEY, NAME VARCHAR(30) NOT NULL);
CREATE TABLE ALLEYA (ID_ALLEYA INTEGER PRIMARY KEY, NAME VARCHAR(30) NOT NULL, ID_PARK INTEGER, FOREIGN KEY(ID_PARK) REFERENCES PARK(ID_PARK) ON UPDATE CASCADE ON DELETE RESTRICT);
CREATE TABLE KIND (ID_KIND INTEGER PRIMARY KEY, NAME VARCHAR(30) NOT NULL);
CREATE TABLE TREE (ID_TREE INTEGER PRIMARY KEY, ID_KIND INTEGER NOT NULL, PLANT DATE NOT NULL, FOREIGN KEY(ID_KIND) REFERENCES KIND(ID_KIND) ON UPDATE CASCADE ON DELETE RESTRICT);
CREATE TABLE CUT (ID_CUT INTEGER PRIMARY KEY, ID_TREE INTEGER NOT NULL, CUT DATE NOT NULL, FOREIGN KEY(ID_TREE) REFERENCES TREE(ID_TREE) ON UPDATE CASCADE ON DELETE RESTRICT);
CREATE TABLE TREE_ALLEYA (ID_TREE_ALLEYA INTEGER PRIMARY KEY, ID_TREE INTEGER NOT NULL, ID_ALLEYA INTEGER NOT NULL, FOREIGN KEY(ID_TREE) REFERENCES TREE(ID_TREE) ON UPDATE CASCADE ON DELETE CASCADE, FOREIGN KEY(ID_ALLEYA) REFERENCES ALLEYA(ID_ALLEYA) ON UPDATE CASCADE ON DELETE CASCADE);


INSERT INTO PARK (ID_PARK, NAME) VALUES (1, 'Космический');
INSERT INTO PARK (ID_PARK, NAME) VALUES (2, 'Спортивный');

INSERT INTO ALLEYA (ID_ALLEYA, NAME, ID_PARK) VALUES (1, 'Скоростная', 1);
INSERT INTO ALLEYA (ID_ALLEYA, NAME, ID_PARK) VALUES (2, 'Ракетная', 1);
INSERT INTO ALLEYA (ID_ALLEYA, NAME, ID_PARK) VALUES (3, 'Беговая', 2);
INSERT INTO ALLEYA (ID_ALLEYA, NAME, ID_PARK) VALUES (4, 'Быстрая', 2);
INSERT INTO ALLEYA (ID_ALLEYA, NAME, ID_PARK) VALUES (5, 'Тройная липовая',1);
INSERT INTO ALLEYA (ID_ALLEYA, NAME, ID_PARK) VALUES (6, 'Театральная', 2);

INSERT INTO KIND (ID_KIND, NAME) VALUES (1, 'Клен');
INSERT INTO KIND (ID_KIND, NAME) VALUES (2, 'Ясень');
INSERT INTO KIND (ID_KIND, NAME) VALUES (3, 'Береза');
INSERT INTO KIND (ID_KIND, NAME) VALUES (4, 'Дуб');
INSERT INTO KIND (ID_KIND, NAME) VALUES (5, 'Липа');
INSERT INTO KIND (ID_KIND, NAME) VALUES (6, 'Ель');
INSERT INTO KIND (ID_KIND, NAME) VALUES (7, 'Яблоня');
INSERT INTO KIND (ID_KIND, NAME) VALUES (8, 'Ива');
INSERT INTO KIND (ID_KIND, NAME) VALUES (9, 'Тополь');
INSERT INTO KIND (ID_KIND, NAME) VALUES (10, 'Пихта');


INSERT INTO TREE (ID_TREE, ID_KIND, PLANT) VALUES (1, 1, '2018-01-07');
INSERT INTO TREE (ID_TREE, ID_KIND, PLANT) VALUES (2, 1, '2023-09-14');
INSERT INTO TREE (ID_TREE, ID_KIND, PLANT) VALUES (3, 2, '2023-09-14');
INSERT INTO TREE (ID_TREE, ID_KIND, PLANT) VALUES (4, 3, '2023-09-16');
INSERT INTO TREE (ID_TREE, ID_KIND, PLANT) VALUES (5, 3, '2023-09-17');
INSERT INTO TREE (ID_TREE, ID_KIND, PLANT) VALUES (6, 4, '2023-09-19');
INSERT INTO TREE (ID_TREE, ID_KIND, PLANT) VALUES (7, 2, '2023-09-13');
INSERT INTO TREE (ID_TREE, ID_KIND, PLANT) VALUES (8, 4, '2023-10-17');
INSERT INTO TREE (ID_TREE, ID_KIND, PLANT) VALUES (9, 4, '2023-10-23');
INSERT INTO TREE (ID_TREE, ID_KIND, PLANT) VALUES (10, 1,'2023-10-04');
INSERT INTO TREE (ID_TREE, ID_KIND, PLANT) VALUES (11, 2,'2023-10-15');
INSERT INTO TREE (ID_TREE, ID_KIND, PLANT) VALUES (12, 1,'2023-10-11');
INSERT INTO TREE (ID_TREE, ID_KIND, PLANT) VALUES (13, 6,'2023-10-05');
INSERT INTO TREE (ID_TREE, ID_KIND, PLANT) VALUES (14, 1,'2023-10-23');
INSERT INTO TREE (ID_TREE, ID_KIND, PLANT) VALUES (15, 1,'2023-11-04');
INSERT INTO TREE (ID_TREE, ID_KIND, PLANT) VALUES (16, 5,'2023-11-03');
INSERT INTO TREE (ID_TREE, ID_KIND, PLANT) VALUES (17, 6,'2023-11-14');
INSERT INTO TREE (ID_TREE, ID_KIND, PLANT) VALUES (18, 3,'2023-11-24');
INSERT INTO TREE (ID_TREE, ID_KIND, PLANT) VALUES (19, 3,'2023-11-14');

INSERT INTO  TREE_ALLEYA  (ID_TREE_ALLEYA, ID_TREE, ID_ALLEYA) VALUES (1, 1, 1);
INSERT INTO  TREE_ALLEYA  (ID_TREE_ALLEYA, ID_TREE, ID_ALLEYA) VALUES (2, 1, 2);
INSERT INTO  TREE_ALLEYA  (ID_TREE_ALLEYA, ID_TREE, ID_ALLEYA) VALUES (3, 2, 2);
INSERT INTO  TREE_ALLEYA  (ID_TREE_ALLEYA, ID_TREE, ID_ALLEYA) VALUES (4, 3, 2);
INSERT INTO  TREE_ALLEYA  (ID_TREE_ALLEYA, ID_TREE, ID_ALLEYA) VALUES (5, 4, 1);
INSERT INTO  TREE_ALLEYA  (ID_TREE_ALLEYA, ID_TREE, ID_ALLEYA) VALUES (6, 5, 1);
INSERT INTO  TREE_ALLEYA  (ID_TREE_ALLEYA, ID_TREE, ID_ALLEYA) VALUES (7, 6, 2);
INSERT INTO  TREE_ALLEYA  (ID_TREE_ALLEYA, ID_TREE, ID_ALLEYA) VALUES (8, 7, 1);
INSERT INTO  TREE_ALLEYA  (ID_TREE_ALLEYA, ID_TREE, ID_ALLEYA) VALUES (9, 8, 1);
INSERT INTO  TREE_ALLEYA  (ID_TREE_ALLEYA, ID_TREE, ID_ALLEYA) VALUES (10, 9, 1);
INSERT INTO  TREE_ALLEYA  (ID_TREE_ALLEYA, ID_TREE, ID_ALLEYA) VALUES (11, 10, 6);
INSERT INTO  TREE_ALLEYA  (ID_TREE_ALLEYA, ID_TREE, ID_ALLEYA) VALUES (21, 10, 5);
INSERT INTO  TREE_ALLEYA  (ID_TREE_ALLEYA, ID_TREE, ID_ALLEYA) VALUES (12, 11, 5);
INSERT INTO  TREE_ALLEYA  (ID_TREE_ALLEYA, ID_TREE, ID_ALLEYA) VALUES (13, 12, 6);
INSERT INTO  TREE_ALLEYA  (ID_TREE_ALLEYA, ID_TREE, ID_ALLEYA) VALUES (14, 13, 5);
INSERT INTO  TREE_ALLEYA  (ID_TREE_ALLEYA, ID_TREE, ID_ALLEYA) VALUES (15, 14, 3);
INSERT INTO  TREE_ALLEYA  (ID_TREE_ALLEYA, ID_TREE, ID_ALLEYA) VALUES (16, 15, 4);
INSERT INTO  TREE_ALLEYA  (ID_TREE_ALLEYA, ID_TREE, ID_ALLEYA) VALUES (17, 16, 3);
INSERT INTO  TREE_ALLEYA  (ID_TREE_ALLEYA, ID_TREE, ID_ALLEYA) VALUES (18, 17, 4);
INSERT INTO  TREE_ALLEYA  (ID_TREE_ALLEYA, ID_TREE, ID_ALLEYA) VALUES (19, 18, 3);
INSERT INTO  TREE_ALLEYA  (ID_TREE_ALLEYA, ID_TREE, ID_ALLEYA) VALUES (20, 19, 4);



INSERT INTO CUT (ID_CUT, CUT, ID_TREE) VALUES (1, '2023-12-10', 1);
INSERT INTO CUT (ID_CUT, CUT, ID_TREE) VALUES (2, '2023-12-23', 2);
INSERT INTO CUT (ID_CUT, CUT, ID_TREE) VALUES (3, '2023-12-15' , 3);
INSERT INTO CUT (ID_CUT, CUT, ID_TREE) VALUES (4, '2023-12-03' , 4);
INSERT INTO CUT (ID_CUT, CUT, ID_TREE) VALUES (5, '2023-12-09' , 5);
INSERT INTO CUT (ID_CUT, CUT, ID_TREE) VALUES (6, '2023-12-01' , 6);
INSERT INTO CUT (ID_CUT, CUT, ID_TREE) VALUES (7, '2023-12-08' , 7);
INSERT INTO CUT (ID_CUT, CUT, ID_TREE) VALUES (8, '2023-12-05', 8);